{"cameraMode":{"drawMode":0,"name":"Shaded","section":"Shading Mode"},"sceneLighting":true,"audioPlay":false,"sceneViewState":{"m_AlwaysRefresh":false,"showFog":true,"showSkybox":true,"showFlares":true,"showImageEffects":true,"showParticleSystems":true,"showVisualEffectGraphs":true,"m_FxEnabled":true},"in2DMode":false,"pivot":{"x":-1.483976125717163,"y":0.4560239315032959,"z":1.0589745044708253},"rotation":{"x":-0.6286328434944153,"y":0.005130085162818432,"z":-0.004147463943809271,"w":-0.7776772379875183},"size":7.558249473571777,"orthographic":true}