{"cameraMode":{"drawMode":0,"name":"Shaded","section":"Shading Mode"},"sceneLighting":true,"audioPlay":false,"sceneViewState":{"m_AlwaysRefresh":false,"showFog":true,"showSkybox":true,"showFlares":true,"showImageEffects":true,"showParticleSystems":true,"showVisualEffectGraphs":true,"m_FxEnabled":true},"in2DMode":false,"pivot":{"x":-3.043181896209717,"y":11.313758850097657,"z":6.819531440734863},"rotation":{"x":-0.7862482070922852,"y":-0.007971711456775666,"z":0.010145808570086956,"w":-0.6177874207496643},"size":9.428327560424805,"orthographic":true}