{"cameraMode":{"drawMode":0,"name":"Shaded","section":"Shading Mode"},"sceneLighting":false,"audioPlay":false,"sceneViewState":{"m_AlwaysRefresh":false,"showFog":true,"showSkybox":false,"showFlares":true,"showImageEffects":true,"showParticleSystems":true,"showVisualEffectGraphs":true,"m_FxEnabled":true},"in2DMode":false,"pivot":{"x":0.6945666074752808,"y":1.2679879665374756,"z":-0.11970418691635132},"rotation":{"x":0.055771585553884509,"y":0.9438701868057251,"z":-0.2163364440202713,"w":0.24332408607006074},"size":1.7967510223388672,"orthographic":true}