{"cameraMode":{"drawMode":0,"name":"Shaded","section":"Shading Mode"},"sceneLighting":false,"audioPlay":false,"sceneViewState":{"m_AlwaysRefresh":false,"showFog":true,"showSkybox":false,"showFlares":true,"showImageEffects":true,"showParticleSystems":true,"showVisualEffectGraphs":true,"m_FxEnabled":true},"in2DMode":false,"pivot":{"x":0.4480219781398773,"y":0.2817487120628357,"z":0.0004252195358276367},"rotation":{"x":0.01156557071954012,"y":0.9845240712165833,"z":-0.07131632417440415,"w":0.15969108045101167},"size":0.8660253882408142,"orthographic":true}