{"cameraMode":{"drawMode":0,"name":"Shaded","section":"Shading Mode"},"sceneLighting":false,"audioPlay":false,"sceneViewState":{"m_AlwaysRefresh":false,"showFog":true,"showSkybox":false,"showFlares":true,"showImageEffects":true,"showParticleSystems":true,"showVisualEffectGraphs":true,"m_FxEnabled":true},"in2DMode":false,"pivot":{"x":-0.061690688133239749,"y":1.8104143142700196,"z":-0.4798106551170349},"rotation":{"x":-0.16140928864479066,"y":-0.26382285356521609,"z":0.04482418671250343,"w":-0.9499207735061646},"size":2.4376609325408937,"orthographic":true}